Workbook

Sheet Case study
B2: Nhà máy Bia Sài Thành - SKU: Bia lon 330ml
B4: CONTEXT
B5: Cuộc họp review chi phí tháng 6 tại Nhà máy Bia Sài Thành. Kế toán quản trị báo cáo: chi phí nguyên liệu nấu thực tế cho mỗi lon bia 330ml đang cao hơn định mức (standard cost). Với sản lượng 5,000,000 lon/tháng, phần chênh lệch này đang ăn mòn biên lợi nhuận gộp của cả nhà máy. PHẠM VI PHÂN TÍCH: case chỉ xét 04 nguyên liệu nấu chính (malt, gạo tấm, hoa bia, nước nấu). KHÔNG bao gồm vỏ lon nhôm và nắp, bao bì carton, men và phụ liệu, nhân công trực tiếp, điện/hơi/nước lạnh, khấu hao dây chuyền, chi phí sản xuất chung, thuế TTĐB và VAT. Do đó con số ở bảng dưới là chi phí nguyên liệu trực tiếp của phần dịch bia, KHÔNG phải giá thành đầy đủ của một lon bia.
B8: CONFLICT
B9: CEO chỉ nhìn vào mức chênh lệch tổng và lập tức quy trách nhiệm cho phòng Mua hàng: "Giá malt và hoa bia nhập khẩu năm nay tăng, ai cũng biết. Nhưng các anh mua vào thế nào mà chi phí nguyên liệu đội lên như vậy? Purchasing phải chịu toàn bộ trách nhiệm!"
B12: Giám đốc Mua hàng phản ứng: đội của ông đã đàm phán được giá hoa bia giảm so với định mức, và nghi ngờ phần lớn chênh lệch đến từ khâu vận hành: lượng nguyên liệu nạp vào mỗi lon cao hơn định mức và tỷ lệ phối trộn bị lệch công thức. Nhưng ông không có công cụ dữ liệu nào để tách bạch phần trách nhiệm của từng bộ phận.
B14: TASK
B15: Phân tích biến động để trả lời cho câu hỏi: ai thực sự chịu trách nhiệm, và bao nhiêu VNĐ?
B17: DỮ LIỆU THÔ - NGUYÊN LIỆU NẤU (cho 01 lon bia 330ml)
D18: STANDARD | F18: ACTUAL
B19: RM Code | C19: Ingredients | D19: Quantity (g) | E19: Unit price (VND/g) | F19: Quantity (g) | G19: Unit price (VND/g)
B20: B001 | C20: Barley malt | D20: 42 | E20: 18 | F20: 46 | G20: 18.3
B21: R001 | C21: Rice grits | D21: 18 | E21: 12 | F21: 21 | G21: 12.4
B22: H001 | C22: Hops pellets | D22: 0.4 | E22: 900 | F22: 0.45 | G22: 890
B23: W001 | C23: Brewing water | D23: 340 | E23: 0.8 | F23: 350 | G23: 0.85
B24: Ghi chú | C24: Sản lượng tháng (lon) | D24: 5000000
C25: Giá bán lẻ tham chiếu (VND) | D25: 12000
C26: Đã gồm thuế TTĐB và VAT, không dùng để so trực tiếp với chi phí nguyên liệu ở bảng trên
C27: Đơn giá nước nấu là nước đã xử lý đạt chuẩn nấu bia, đã phân bổ hoá chất và năng lượng xử lý.

Sheet VR 3F
B2: RAW MATERIAL VARIANCE ANALYSIS (3F)
B4: Mã: | C4: 8934567890123
B5: Mô tả: | C5: Bia lon 330ml, lon nhôm, ABV 4.5%
B6: Nhà máy: | C6: Bia Sài Thành -kỳ tháng 6
F8: STANDARD PLAN | K8: ACTUAL | P8: VARIANCE
B10: No. | C10: RM Code | D10: ='Case study'!C19 -> Ingredients | F10: Quantity (g) | G10: Mix (%) | H10: Unit price (VND/g) | I10: Amount (VND) | K10: Quantity (g) | L10: Mix (%) | M10: Unit price (VND/g) | N10: Amount (VND) | P10: ΔYield | Q10: ΔMix | R10: ΔUsage | S10: ΔPrice | T10: ΔTotal
B11: 1 | C11: B001 | D11: =_xlfn.XLOOKUP(C11,'Case study'!$B$20:$B$23,'Case study'!$C$20:$C$23) -> Barley malt | F11: =_xlfn.XLOOKUP($C11,'Case study'!B20:B23,'Case study'!D20:D23) -> 42 | G11: =F11/$F$15 -> 0.1048951 | H11: =_xlfn.XLOOKUP(C11,'Case study'!B20:B23,'Case study'!E20:E23) -> 18 | I11: =F11*H11 -> 756 | K11: =_xlfn.XLOOKUP($C11,'Case study'!$B$20:$B$23,'Case study'!$F$20:$F$23) -> 46 | L11: =K11/$K$15 -> 0.11019284 | M11: =_xlfn.XLOOKUP($C11,'Case study'!$B$20:$B$23,'Case study'!$G$20:$G$23) -> 18.3 | N11: =K11*M11 -> 841.8 | P11: =G11*H11*($F$15-$K$15) -> -32.192308 | Q11: =H11*$K$15*(G11-L11) -> -39.807692 | R11: =P11+Q11 -> -72 | S11: =K11*(H11-M11) -> -13.8 | T11: =SUM(R11:S11) -> -85.8
B12: 2 | C12: R001 | D12: =_xlfn.XLOOKUP(C12,'Case study'!$B$20:$B$23,'Case study'!$C$20:$C$23) -> Rice grits | F12: =_xlfn.XLOOKUP($C12,'Case study'!B21:B24,'Case study'!D21:D24) -> 18 | G12: =F12/$F$15 -> 0.044955045 | H12: =_xlfn.XLOOKUP(C12,'Case study'!B21:B24,'Case study'!E21:E24) -> 12 | I12: =F12*H12 -> 216 | K12: =_xlfn.XLOOKUP($C12,'Case study'!$B$20:$B$23,'Case study'!$F$20:$F$23) -> 21 | L12: =K12/$K$15 -> 0.050305426 | M12: =_xlfn.XLOOKUP($C12,'Case study'!$B$20:$B$23,'Case study'!$G$20:$G$23) -> 12.4 | N12: =K12*M12 -> 260.4 | P12: =G12*H12*($F$15-$K$15) -> -9.1978022 | Q12: =H12*$K$15*(G12-L12) -> -26.802198 | R12: =P12+Q12 -> -36 | S12: =K12*(H12-M12) -> -8.4 | T12: =SUM(R12:S12) -> -44.4
B13: 3 | C13: H001 | D13: =_xlfn.XLOOKUP(C13,'Case study'!$B$20:$B$23,'Case study'!$C$20:$C$23) -> Hops pellets | F13: =_xlfn.XLOOKUP($C13,'Case study'!B22:B26,'Case study'!D22:D26) -> 0.4 | G13: =F13/$F$15 -> 0.000999001 | H13: =_xlfn.XLOOKUP(C13,'Case study'!B22:B25,'Case study'!E22:E25) -> 900 | I13: =F13*H13 -> 360 | K13: =_xlfn.XLOOKUP($C13,'Case study'!$B$20:$B$23,'Case study'!$F$20:$F$23) -> 0.45 | L13: =K13/$K$15 -> 0.0010779734 | M13: =_xlfn.XLOOKUP($C13,'Case study'!$B$20:$B$23,'Case study'!$G$20:$G$23) -> 890 | N13: =K13*M13 -> 400.5 | P13: =G13*H13*($F$15-$K$15) -> -15.32967 | Q13: =H13*$K$15*(G13-L13) -> -29.67033 | R13: =P13+Q13 -> -45 | S13: =K13*(H13-M13) -> 4.5 | T13: =SUM(R13:S13) -> -40.5
B14: 4 | C14: W001 | D14: =_xlfn.XLOOKUP(C14,'Case study'!$B$20:$B$23,'Case study'!$C$20:$C$23) -> Brewing water | F14: =_xlfn.XLOOKUP($C14,'Case study'!B23:B27,'Case study'!D23:D27) -> 340 | G14: =F14/$F$15 -> 0.84915085 | H14: =_xlfn.XLOOKUP(C14,'Case study'!B23:B26,'Case study'!E23:E26) -> 0.8 | I14: =F14*H14 -> 272 | K14: =_xlfn.XLOOKUP($C14,'Case study'!$B$20:$B$23,'Case study'!$F$20:$F$23) -> 350 | L14: =K14/$K$15 -> 0.83842376 | M14: =_xlfn.XLOOKUP($C14,'Case study'!$B$20:$B$23,'Case study'!$G$20:$G$23) -> 0.85 | N14: =K14*M14 -> 297.5 | P14: =G14*H14*($F$15-$K$15) -> -11.582418 | Q14: =H14*$K$15*(G14-L14) -> 3.5824176 | R14: =P14+Q14 -> -8 | S14: =K14*(H14-M14) -> -17.5 | T14: =SUM(R14:S14) -> -25.5
F15: =SUM(F11:F14) -> 400.4 | G15: =SUM(G11:G14) -> 1 | H15: =SUM(H11:H14) -> 930.8 | I15: =SUM(I11:I14) -> 1604 | K15: =SUM(K11:K14) -> 417.45 | L15: =SUM(L11:L14) -> 1 | M15: =SUM(M11:M14) -> 921.55 | N15: =SUM(N11:N14) -> 1800.2 | P15: =SUM(P11:P14) -> -68.302198 | Q15: =SUM(Q11:Q14) -> -92.697802 | R15: =SUM(R11:R14) -> -161 | S15: =SUM(S11:S14) -> -35.2 | T15: =SUM(T11:T14) -> -196.2
B17: Variance Analysis | P17: Quy ước dấu: biến động = Standard - Actual (tác động tới lợi nhuận) → số âm = adverse, số dương = favorable | S17: Check | T17: =I15-N15 -> -196.2 | U17: =IF(T15=T17,"True","False") -> True
B18: Nhận định của CEO không đúng. Giá mua (ΔPrice) chỉ làm chi phí nguyên liệu tăng 35.2 VNĐ/lon 330ml, tương đương 17.9% tổng biến động 196.2 VNĐ. Riêng Hops pellets còn cho biến động có lợi +4.5 VNĐ, xác nhận Purchasing đã đàm phán được giá giảm so với định mức. Phần lớn biến động (-161 VNĐ, 82.1%) nằm ở ΔUsage: ΔYield -68.3 VNĐ do lượng nguyên liệu nạp vào tăng từ 400.40g lên 417.45g, thuộc trách nhiệm Production; và ΔMix -92.7 VNĐ do tỷ lệ phối trộn lệch công thức, nặng nhất ở Barley malt (-39.8 VNĐ), thuộc trách nhiệm QC/R&D. Như vậy, Purchasing chỉ chịu 17.9%, không phải toàn bộ.
P19: LOGIC PHÂN TÍCH 3 NHÂN TỐ TÁC ĐỘNG CHI PHÍ NVL
B21: Strategy: (1) Sản xuất: rà soát tổn thất ở khâu nấu, lọc và chiết, đặt KPI hao hụt ≤ định mức 400.4 g/lon. (2) QC/ R&D: siết dung sai cân đong hoa bia và malt, kiểm soát lại tỷ lệ phối trộn theo mẻ. (3) Purchasing: giữ nguyên chiến lược chốt giá hoa bia, mở rộng hợp đồng dài hạn cho malt và gạo tấm. | P21: Nhân tố | Q21: Trả lời cho câu hỏi | R21: Giá trị | S21: Favorable/Adverse | T21: Bộ phận chịu trách nhiệm
P22: ① ΔYIELD | Q22: Nếu mix và giá mua giữ nguyên định mức, việc dùng 417.45g thay vì 400.40g nguyên liệu làm chi phí sản xuất 1 lon bia 330ml tăng bao nhiêu VNĐ? | R22: =P15 -> -68.302198 | S22: =IF(R22>0,"Favorable", "Adverse") -> Adverse | T22: Production
F23: =F8 -> STANDARD PLAN | G23: =P10 -> ΔYield | H23: =Q10 -> ΔMix | I23: =S10 -> ΔPrice | J23: =K8 -> ACTUAL | P23: ② ΔMIX | Q23: Nếu giá mua không đổi, tỷ lệ phối trộn 417.45g nguyên liệu theo tỷ lệ thực tế thay vì tỷ lệ định mức ảnh hưởng bao nhiêu đến chi phí sản xuất 1 lon bia 330ml | R23: =Q15 -> -92.697802 | S23: =IF(R23>0,"Favorable", "Adverse") -> Adverse | T23: Quality control, R&D
F24: =I15 -> 1604 | G24: =-P15 -> 68.302198 | H24: =-Q15 -> 92.697802 | I24: =-S15 -> 35.2 | J24: =N15 -> 1800.2 | P24: ③ ΔPRICE | Q24: Giá mua tác động như nào khi dùng 417.45g nguyên liệu để sản xuất ra 1 lon bia 330ml | R24: =S15 -> -35.2 | S24: =IF(R24>0,"Favorable", "Adverse") -> Adverse | T24: Purchasing
P26: TỔNG KẾT
P27: Yếu tố | Q27: Giá trị | R27: Chiếm
P28: =P10 -> ΔYield | Q28: =-P15 -> 68.302198 | R28: =Q28/$Q$32 -> 0.34812537
P29: =Q10 -> ΔMix | Q29: =-Q15 -> 92.697802 | R29: =Q29/$Q$32 -> 0.47246586
P30: =R10 -> ΔUsage | Q30: =-R15 -> 161 | R30: =SUM(R28:R29) -> 0.82059123
P31: =S10 -> ΔPrice | Q31: =-S15 -> 35.2 | R31: =Q31/$Q$32 -> 0.17940877
P32: =T10 -> ΔTotal | Q32: =-T15 -> 196.2 | R32: =Q32/$Q$32 -> 1
P33: ='Case study'!C24 -> Sản lượng tháng (lon) | Q33: ='Case study'!D24 -> 5000000
P34: Tác động lên chi phí tháng (VND) | Q34: =Q33*Q32 -> 9.81e+08
